Lag,Autocorrelation
1,0.9964043315262671
2,0.9927975151477576
3,0.9890903676262607
4,0.9853330545332706
5,0.9817146550464952
6,0.9780516639406145
7,0.9743106375012991
8,0.9703693839794979
9,0.9663170866134226
10,0.9623591112344573
11,0.9583844139983274
12,0.9543539772383158
13,0.9503792800021859
14,0.9464547483375496
15,0.942519503971626
16,0.9386399991295845
17,0.93483295566859
18,0.9310482080171475
19,0.9272188687465996
20,0.9234508429523226
