Lag,Autocorrelation
1,0.7989889285663624
2,0.5979778571327611
3,0.39696678569917804
4,0.19595571426556765
5,-0.005055357168033035
6,-0.005060392384335856
7,-0.005065427600638679
8,-0.0050704628169415
9,-0.005075498033244323
10,-0.005080533249547144
11,-0.0050855684658499675
12,-0.005090603682152788
13,-0.0050956388984556115
14,-0.005100674114758432
15,-0.005105709331061256
16,-0.005110744547364076
17,-0.0051157797636669
18,-0.00512081497996972
19,-0.005125850196272544
20,-0.005130885412575364
