Lag,Autocorrelation
1,0.7989889285663696
2,0.5979778571327671
3,0.3969667856991785
4,0.19595571426556901
5,-0.00505535716803308
6,-0.005060392384335903
7,-0.005065427600638726
8,-0.005070462816941549
9,-0.00507549803324437
10,-0.005080533249547193
11,-0.005085568465850016
12,-0.005090603682152838
13,-0.00509563889845566
14,-0.005100674114758482
15,-0.005105709331061305
16,-0.0051107445473641275
17,-0.005115779763666949
18,-0.005120814979969772
19,-0.005125850196272595
20,-0.005130885412575417
