Lag,Autocorrelation
1,0.8878696878696871
2,0.7757393757393741
3,0.6636090636090614
4,0.5514787514787484
5,0.4393484393484358
6,0.32721812721812293
7,0.21508781508781008
8,0.10295750295750644
9,-0.009172809172808709
10,-0.00918190918190872
11,-0.009191009191008728
12,-0.009200109200108738
13,-0.009209209209208749
14,-0.009218309218308757
15,-0.009227409227408768
16,-0.009236509236508778
17,-0.009245609245608789
18,-0.009254709254708797
19,-0.009263809263808808
20,-0.009272909272908818
