Lag,Autocorrelation
1,0.9502925744536478
2,0.9005851489072957
3,0.8426003184392434
4,0.7763380830494907
5,0.7017984427380378
6,0.6272588024265849
7,0.5527191621151311
8,0.4781795218036924
9,0.4119172864139395
10,0.35393245594588696
11,0.29594762547783426
12,0.25451760485317476
13,0.2296423940719235
14,0.21304458821237252
15,0.19644678235282154
16,0.18812638141497087
17,0.17980598047712015
18,0.17976298446096978
19,0.18799739336651966
20,0.19623180227206963
