Lag,Autocorrelation
1,0.9958594552663589
2,0.9917845194100261
3,0.9877751924310013
4,0.9840447031805357
5,0.9803634205880518
6,0.9768625624081642
7,0.9734469826338659
8,0.970142951085903
9,0.9666748973446696
10,0.9632724524807449
11,0.9602800630999943
12,0.9573008086296156
13,0.9541936037135763
14,0.951411175875123
15,0.9485959435980144
16,0.9458299179788862
17,0.943309925649663
18,0.9407407266624594
19,0.9381715276752552
20,0.9355334525017878
